<?xml version="1.0" encoding="UTF-8"?>
<spirit:component xmlns:xilinx="http://www.xilinx.com" xmlns:spirit="http://www.spiritconsortium.org/XMLSchema/SPIRIT/1685-2009" xmlns:xsi="http://www.w3.org/2001/XMLSchema-instance">
  <spirit:vendor>user.org</spirit:vendor>
  <spirit:library>user</spirit:library>
  <spirit:name>median_filter</spirit:name>
  <spirit:version>1.0</spirit:version>
  <spirit:busInterfaces>
    <spirit:busInterface>
      <spirit:name>SAMPLE_CLK</spirit:name>
      <spirit:busType spirit:vendor="xilinx.com" spirit:library="signal" spirit:name="clock" spirit:version="1.0"/>
      <spirit:abstractionType spirit:vendor="xilinx.com" spirit:library="signal" spirit:name="clock_rtl" spirit:version="1.0"/>
      <spirit:slave/>
      <spirit:portMaps>
        <spirit:portMap>
          <spirit:logicalPort>
            <spirit:name>CLK</spirit:name>
          </spirit:logicalPort>
          <spirit:physicalPort>
            <spirit:name>SAMPLE_CLK</spirit:name>
          </spirit:physicalPort>
        </spirit:portMap>
      </spirit:portMaps>
    </spirit:busInterface>
  </spirit:busInterfaces>
  <spirit:memoryMaps>
    <spirit:memoryMap>
      <spirit:name>S00_AXI</spirit:name>
      <spirit:addressBlock>
        <spirit:name>S00_AXI_reg</spirit:name>
        <spirit:baseAddress spirit:format="long" spirit:resolve="user">0</spirit:baseAddress>
        <spirit:range spirit:format="long">4096</spirit:range>
        <spirit:width spirit:format="long">32</spirit:width>
        <spirit:usage>register</spirit:usage>
        <spirit:parameters>
          <spirit:parameter>
            <spirit:name>OFFSET_BASE_PARAM</spirit:name>
            <spirit:value spirit:id="ADDRBLOCKPARAM_VALUE.S00_AXI.S00_AXI_REG.OFFSET_BASE_PARAM">C_S00_AXI_BASEADDR</spirit:value>
          </spirit:parameter>
          <spirit:parameter>
            <spirit:name>OFFSET_HIGH_PARAM</spirit:name>
            <spirit:value spirit:id="ADDRBLOCKPARAM_VALUE.S00_AXI.S00_AXI_REG.OFFSET_HIGH_PARAM">C_S00_AXI_HIGHADDR</spirit:value>
          </spirit:parameter>
        </spirit:parameters>
      </spirit:addressBlock>
    </spirit:memoryMap>
  </spirit:memoryMaps>
  <spirit:model>
    <spirit:views>
      <spirit:view>
        <spirit:name>xilinx_verilogsynthesis</spirit:name>
        <spirit:displayName>Verilog Synthesis</spirit:displayName>
        <spirit:envIdentifier>verilogSource:vivado.xilinx.com:synthesis</spirit:envIdentifier>
        <spirit:language>verilog</spirit:language>
        <spirit:modelName>Audio_medfilter_v1_0</spirit:modelName>
        <spirit:fileSetRef>
          <spirit:localName>xilinx_verilogsynthesis_view_fileset</spirit:localName>
        </spirit:fileSetRef>
        <spirit:parameters>
          <spirit:parameter>
            <spirit:name>viewChecksum</spirit:name>
            <spirit:value>fcf33d5c</spirit:value>
          </spirit:parameter>
        </spirit:parameters>
      </spirit:view>
      <spirit:view>
        <spirit:name>xilinx_verilogbehavioralsimulation</spirit:name>
        <spirit:displayName>Verilog Simulation</spirit:displayName>
        <spirit:envIdentifier>verilogSource:vivado.xilinx.com:simulation</spirit:envIdentifier>
        <spirit:language>verilog</spirit:language>
        <spirit:modelName>Audio_medfilter_v1_0</spirit:modelName>
        <spirit:fileSetRef>
          <spirit:localName>xilinx_verilogbehavioralsimulation_view_fileset</spirit:localName>
        </spirit:fileSetRef>
        <spirit:parameters>
          <spirit:parameter>
            <spirit:name>viewChecksum</spirit:name>
            <spirit:value>fcf33d5c</spirit:value>
          </spirit:parameter>
        </spirit:parameters>
      </spirit:view>
      <spirit:view>
        <spirit:name>xilinx_softwaredriver</spirit:name>
        <spirit:displayName>Software Driver</spirit:displayName>
        <spirit:envIdentifier>:vivado.xilinx.com:sw.driver</spirit:envIdentifier>
        <spirit:fileSetRef>
          <spirit:localName>xilinx_softwaredriver_view_fileset</spirit:localName>
        </spirit:fileSetRef>
        <spirit:parameters>
          <spirit:parameter>
            <spirit:name>viewChecksum</spirit:name>
            <spirit:value>e161c768</spirit:value>
          </spirit:parameter>
        </spirit:parameters>
      </spirit:view>
      <spirit:view>
        <spirit:name>xilinx_xpgui</spirit:name>
        <spirit:displayName>UI Layout</spirit:displayName>
        <spirit:envIdentifier>:vivado.xilinx.com:xgui.ui</spirit:envIdentifier>
        <spirit:fileSetRef>
          <spirit:localName>xilinx_xpgui_view_fileset</spirit:localName>
        </spirit:fileSetRef>
        <spirit:parameters>
          <spirit:parameter>
            <spirit:name>viewChecksum</spirit:name>
            <spirit:value>fb1d1781</spirit:value>
          </spirit:parameter>
        </spirit:parameters>
      </spirit:view>
      <spirit:view>
        <spirit:name>bd_tcl</spirit:name>
        <spirit:displayName>Block Diagram</spirit:displayName>
        <spirit:envIdentifier>:vivado.xilinx.com:block.diagram</spirit:envIdentifier>
        <spirit:fileSetRef>
          <spirit:localName>bd_tcl_view_fileset</spirit:localName>
        </spirit:fileSetRef>
        <spirit:parameters>
          <spirit:parameter>
            <spirit:name>viewChecksum</spirit:name>
            <spirit:value>45a2f450</spirit:value>
          </spirit:parameter>
        </spirit:parameters>
      </spirit:view>
    </spirit:views>
    <spirit:ports>
      <spirit:port>
        <spirit:name>SAMPLE_CLK</spirit:name>
        <spirit:wire>
          <spirit:direction>in</spirit:direction>
          <spirit:wireTypeDefs>
            <spirit:wireTypeDef>
              <spirit:typeName>STD_LOGIC</spirit:typeName>
              <spirit:viewNameRef>xilinx_verilogsynthesis</spirit:viewNameRef>
              <spirit:viewNameRef>xilinx_verilogbehavioralsimulation</spirit:viewNameRef>
            </spirit:wireTypeDef>
          </spirit:wireTypeDefs>
        </spirit:wire>
      </spirit:port>
      <spirit:port>
        <spirit:name>OUT_MED_L</spirit:name>
        <spirit:wire>
          <spirit:direction>out</spirit:direction>
          <spirit:vector>
            <spirit:left spirit:format="long">23</spirit:left>
            <spirit:right spirit:format="long">0</spirit:right>
          </spirit:vector>
          <spirit:wireTypeDefs>
            <spirit:wireTypeDef>
              <spirit:typeName>signed</spirit:typeName>
              <spirit:viewNameRef>xilinx_verilogsynthesis</spirit:viewNameRef>
              <spirit:viewNameRef>xilinx_verilogbehavioralsimulation</spirit:viewNameRef>
            </spirit:wireTypeDef>
          </spirit:wireTypeDefs>
          <spirit:driver>
            <spirit:defaultValue spirit:format="long">0</spirit:defaultValue>
          </spirit:driver>
        </spirit:wire>
      </spirit:port>
      <spirit:port>
        <spirit:name>OUT_MED_R</spirit:name>
        <spirit:wire>
          <spirit:direction>out</spirit:direction>
          <spirit:vector>
            <spirit:left spirit:format="long">23</spirit:left>
            <spirit:right spirit:format="long">0</spirit:right>
          </spirit:vector>
          <spirit:wireTypeDefs>
            <spirit:wireTypeDef>
              <spirit:typeName>signed</spirit:typeName>
              <spirit:viewNameRef>xilinx_verilogsynthesis</spirit:viewNameRef>
              <spirit:viewNameRef>xilinx_verilogbehavioralsimulation</spirit:viewNameRef>
            </spirit:wireTypeDef>
          </spirit:wireTypeDefs>
          <spirit:driver>
            <spirit:defaultValue spirit:format="long">0</spirit:defaultValue>
          </spirit:driver>
        </spirit:wire>
      </spirit:port>
      <spirit:port>
        <spirit:name>IN_SIG_L</spirit:name>
        <spirit:wire>
          <spirit:direction>in</spirit:direction>
          <spirit:vector>
            <spirit:left spirit:format="long">23</spirit:left>
            <spirit:right spirit:format="long">0</spirit:right>
          </spirit:vector>
          <spirit:wireTypeDefs>
            <spirit:wireTypeDef>
              <spirit:typeName>signed</spirit:typeName>
              <spirit:viewNameRef>xilinx_verilogsynthesis</spirit:viewNameRef>
              <spirit:viewNameRef>xilinx_verilogbehavioralsimulation</spirit:viewNameRef>
            </spirit:wireTypeDef>
          </spirit:wireTypeDefs>
        </spirit:wire>
      </spirit:port>
      <spirit:port>
        <spirit:name>IN_SIG_R</spirit:name>
        <spirit:wire>
          <spirit:direction>in</spirit:direction>
          <spirit:vector>
            <spirit:left spirit:format="long">23</spirit:left>
            <spirit:right spirit:format="long">0</spirit:right>
          </spirit:vector>
          <spirit:wireTypeDefs>
            <spirit:wireTypeDef>
              <spirit:typeName>signed</spirit:typeName>
              <spirit:viewNameRef>xilinx_verilogsynthesis</spirit:viewNameRef>
              <spirit:viewNameRef>xilinx_verilogbehavioralsimulation</spirit:viewNameRef>
            </spirit:wireTypeDef>
          </spirit:wireTypeDefs>
        </spirit:wire>
      </spirit:port>
      <spirit:port>
        <spirit:name>RST_IN</spirit:name>
        <spirit:wire>
          <spirit:direction>in</spirit:direction>
          <spirit:wireTypeDefs>
            <spirit:wireTypeDef>
              <spirit:typeName>STD_LOGIC</spirit:typeName>
              <spirit:viewNameRef>xilinx_verilogsynthesis</spirit:viewNameRef>
              <spirit:viewNameRef>xilinx_verilogbehavioralsimulation</spirit:viewNameRef>
            </spirit:wireTypeDef>
          </spirit:wireTypeDefs>
        </spirit:wire>
      </spirit:port>
    </spirit:ports>
    <spirit:modelParameters>
      <spirit:modelParameter xsi:type="spirit:nameValueTypeType" spirit:dataType="integer">
        <spirit:name>SIGBIT_WIDTH</spirit:name>
        <spirit:displayName>Sigbit Width</spirit:displayName>
        <spirit:value spirit:format="long" spirit:resolve="generated" spirit:id="MODELPARAM_VALUE.SIGBIT_WIDTH">24</spirit:value>
      </spirit:modelParameter>
      <spirit:modelParameter spirit:dataType="integer">
        <spirit:name>ORDBIT_WIDTH</spirit:name>
        <spirit:displayName>Ordbit Width</spirit:displayName>
        <spirit:value spirit:format="long" spirit:resolve="generated" spirit:id="MODELPARAM_VALUE.ORDBIT_WIDTH">6</spirit:value>
      </spirit:modelParameter>
    </spirit:modelParameters>
  </spirit:model>
  <spirit:fileSets>
    <spirit:fileSet>
      <spirit:name>xilinx_verilogsynthesis_view_fileset</spirit:name>
      <spirit:file>
        <spirit:name>src/pck_medfilter_010.vhd</spirit:name>
        <spirit:fileType>vhdlSource</spirit:fileType>
      </spirit:file>
      <spirit:file>
        <spirit:name>src/median_filter.vhd</spirit:name>
        <spirit:fileType>vhdlSource</spirit:fileType>
      </spirit:file>
      <spirit:file>
        <spirit:name>src/Audio_Medfilter_v1_0.vhd</spirit:name>
        <spirit:fileType>vhdlSource</spirit:fileType>
        <spirit:userFileType>CHECKSUM_cbc8d483</spirit:userFileType>
      </spirit:file>
    </spirit:fileSet>
    <spirit:fileSet>
      <spirit:name>xilinx_verilogbehavioralsimulation_view_fileset</spirit:name>
      <spirit:file>
        <spirit:name>src/pck_medfilter_010.vhd</spirit:name>
        <spirit:fileType>vhdlSource</spirit:fileType>
      </spirit:file>
      <spirit:file>
        <spirit:name>src/median_filter.vhd</spirit:name>
        <spirit:fileType>vhdlSource</spirit:fileType>
      </spirit:file>
      <spirit:file>
        <spirit:name>src/Audio_Medfilter_v1_0.vhd</spirit:name>
        <spirit:fileType>vhdlSource</spirit:fileType>
      </spirit:file>
    </spirit:fileSet>
    <spirit:fileSet>
      <spirit:name>xilinx_softwaredriver_view_fileset</spirit:name>
      <spirit:file>
        <spirit:name>drivers/median_filter_v1_0/data/median_filter.mdd</spirit:name>
        <spirit:userFileType>mdd</spirit:userFileType>
        <spirit:userFileType>driver_mdd</spirit:userFileType>
      </spirit:file>
      <spirit:file>
        <spirit:name>drivers/median_filter_v1_0/data/median_filter.tcl</spirit:name>
        <spirit:fileType>tclSource</spirit:fileType>
        <spirit:userFileType>driver_tcl</spirit:userFileType>
      </spirit:file>
      <spirit:file>
        <spirit:name>drivers/median_filter_v1_0/src/Makefile</spirit:name>
        <spirit:userFileType>driver_src</spirit:userFileType>
      </spirit:file>
      <spirit:file>
        <spirit:name>drivers/median_filter_v1_0/src/median_filter.h</spirit:name>
        <spirit:fileType>cSource</spirit:fileType>
        <spirit:userFileType>driver_src</spirit:userFileType>
      </spirit:file>
      <spirit:file>
        <spirit:name>drivers/median_filter_v1_0/src/median_filter.c</spirit:name>
        <spirit:fileType>cSource</spirit:fileType>
        <spirit:userFileType>driver_src</spirit:userFileType>
      </spirit:file>
      <spirit:file>
        <spirit:name>drivers/median_filter_v1_0/src/median_filter_selftest.c</spirit:name>
        <spirit:fileType>cSource</spirit:fileType>
        <spirit:userFileType>driver_src</spirit:userFileType>
      </spirit:file>
    </spirit:fileSet>
    <spirit:fileSet>
      <spirit:name>xilinx_xpgui_view_fileset</spirit:name>
      <spirit:file>
        <spirit:name>xgui/median_filter_v1_0.tcl</spirit:name>
        <spirit:fileType>tclSource</spirit:fileType>
        <spirit:userFileType>CHECKSUM_fb1d1781</spirit:userFileType>
        <spirit:userFileType>XGUI_VERSION_2</spirit:userFileType>
      </spirit:file>
    </spirit:fileSet>
    <spirit:fileSet>
      <spirit:name>bd_tcl_view_fileset</spirit:name>
      <spirit:file>
        <spirit:name>bd/bd.tcl</spirit:name>
        <spirit:fileType>tclSource</spirit:fileType>
      </spirit:file>
    </spirit:fileSet>
  </spirit:fileSets>
  <spirit:description>Median Filter</spirit:description>
  <spirit:parameters>
    <spirit:parameter>
      <spirit:name>C_S00_AXI_BASEADDR</spirit:name>
      <spirit:displayName>C S00 AXI BASEADDR</spirit:displayName>
      <spirit:value spirit:format="bitString" spirit:resolve="user" spirit:id="PARAM_VALUE.C_S00_AXI_BASEADDR" spirit:order="5" spirit:bitStringLength="32">0xFFFFFFFF</spirit:value>
      <spirit:vendorExtensions>
        <xilinx:parameterInfo>
          <xilinx:enablement>
            <xilinx:isEnabled xilinx:id="PARAM_ENABLEMENT.C_S00_AXI_BASEADDR">false</xilinx:isEnabled>
          </xilinx:enablement>
        </xilinx:parameterInfo>
      </spirit:vendorExtensions>
    </spirit:parameter>
    <spirit:parameter>
      <spirit:name>C_S00_AXI_HIGHADDR</spirit:name>
      <spirit:displayName>C S00 AXI HIGHADDR</spirit:displayName>
      <spirit:value spirit:format="bitString" spirit:resolve="user" spirit:id="PARAM_VALUE.C_S00_AXI_HIGHADDR" spirit:order="6" spirit:bitStringLength="32">0x00000000</spirit:value>
      <spirit:vendorExtensions>
        <xilinx:parameterInfo>
          <xilinx:enablement>
            <xilinx:isEnabled xilinx:id="PARAM_ENABLEMENT.C_S00_AXI_HIGHADDR">false</xilinx:isEnabled>
          </xilinx:enablement>
        </xilinx:parameterInfo>
      </spirit:vendorExtensions>
    </spirit:parameter>
    <spirit:parameter>
      <spirit:name>Component_Name</spirit:name>
      <spirit:value spirit:resolve="user" spirit:id="PARAM_VALUE.Component_Name" spirit:order="1">median_filter_v1_0</spirit:value>
    </spirit:parameter>
    <spirit:parameter>
      <spirit:name>SIGBIT_WIDTH</spirit:name>
      <spirit:displayName>Sigbit Width</spirit:displayName>
      <spirit:value spirit:format="long" spirit:resolve="user" spirit:id="PARAM_VALUE.SIGBIT_WIDTH">24</spirit:value>
    </spirit:parameter>
    <spirit:parameter>
      <spirit:name>ORDBIT_WIDTH</spirit:name>
      <spirit:displayName>Ordbit Width</spirit:displayName>
      <spirit:value spirit:format="long" spirit:resolve="user" spirit:id="PARAM_VALUE.ORDBIT_WIDTH">6</spirit:value>
    </spirit:parameter>
  </spirit:parameters>
  <spirit:vendorExtensions>
    <xilinx:coreExtensions>
      <xilinx:supportedFamilies>
        <xilinx:family xilinx:lifeCycle="Pre-Production">zynq</xilinx:family>
      </xilinx:supportedFamilies>
      <xilinx:taxonomies>
        <xilinx:taxonomy>AXI_Peripheral</xilinx:taxonomy>
      </xilinx:taxonomies>
      <xilinx:displayName>median_filter_v1.0</xilinx:displayName>
      <xilinx:coreRevision>14</xilinx:coreRevision>
      <xilinx:coreCreationDateTime>2020-10-18T21:41:40Z</xilinx:coreCreationDateTime>
      <xilinx:tags>
        <xilinx:tag xilinx:name="ui.data.coregen.dd@5ddc1566_ARCHIVE_LOCATION">/home/thanx/HDL-Workspace/Xilinx_SDK_Workspace/MyAudio/CantaviStreamer6-single-tc-rplc-interleaved/ip-repo/median_filter_1.0</xilinx:tag>
        <xilinx:tag xilinx:name="ui.data.coregen.dd@64d14369_ARCHIVE_LOCATION">/home/thanx/HDL-Workspace/Xilinx_SDK_Workspace/MyAudio/CantaviStreamer6-single-tc-rplc-interleaved/ip-repo/median_filter_1.0</xilinx:tag>
        <xilinx:tag xilinx:name="ui.data.coregen.dd@6b1fecd5_ARCHIVE_LOCATION">/home/thanx/HDL-Workspace/Xilinx_SDK_Workspace/MyAudio/CantaviStreamer6-single-tc-rplc-interleaved/ip-repo/median_filter_1.0</xilinx:tag>
        <xilinx:tag xilinx:name="ui.data.coregen.dd@49deebd_ARCHIVE_LOCATION">/home/thanx/HDL-Workspace/Xilinx_SDK_Workspace/MyAudio/CantaviStreamer6-single-tc-rplc-interleaved/ip-repo/median_filter_1.0</xilinx:tag>
        <xilinx:tag xilinx:name="ui.data.coregen.dd@2c9cb27e_ARCHIVE_LOCATION">/home/thanx/HDL-Workspace/Xilinx_SDK_Workspace/MyAudio/CantaviStreamer6-single-tc-rplc-interleaved/ip-repo/median_filter_1.0</xilinx:tag>
        <xilinx:tag xilinx:name="ui.data.coregen.dd@5fc7c553_ARCHIVE_LOCATION">/home/thanx/HDL-Workspace/Xilinx_SDK_Workspace/MyAudio/CantaviStreamer6-single-tc-rplc-interleaved/ip-repo/median_filter_1.0</xilinx:tag>
        <xilinx:tag xilinx:name="ui.data.coregen.dd@55e6dd67_ARCHIVE_LOCATION">/home/thanx/HDL-Workspace/Xilinx_SDK_Workspace/MyAudio/CantaviStreamer6-single-tc-rplc-interleaved/ip-repo/median_filter_1.0</xilinx:tag>
        <xilinx:tag xilinx:name="ui.data.coregen.dd@4c3f7d00_ARCHIVE_LOCATION">/home/thanx/HDL-Workspace/Xilinx_SDK_Workspace/MyAudio/CantaviStreamer6-single-tc-rplc-interleaved/ip-repo/median_filter_1.0</xilinx:tag>
        <xilinx:tag xilinx:name="ui.data.coregen.dd@7e6ec3b6_ARCHIVE_LOCATION">/home/thanx/HDL-Workspace/Xilinx_SDK_Workspace/MyAudio/CantaviStreamer6-single-tc-rplc-interleaved/ip-repo/median_filter_1.0</xilinx:tag>
        <xilinx:tag xilinx:name="ui.data.coregen.dd@32e8c720_ARCHIVE_LOCATION">/home/thanx/HDL-Workspace/Xilinx_SDK_Workspace/MyAudio/CantaviStreamer6-single-tc-rplc-interleaved/ip-repo/median_filter_1.0</xilinx:tag>
        <xilinx:tag xilinx:name="ui.data.coregen.dd@7bdebdd8_ARCHIVE_LOCATION">/home/thanx/HDL-Workspace/Xilinx_SDK_Workspace/MyAudio/CantaviStreamer6-single-tc-rplc-interleaved/ip-repo/median_filter_1.0</xilinx:tag>
        <xilinx:tag xilinx:name="ui.data.coregen.dd@2d3d4387_ARCHIVE_LOCATION">/home/thanx/HDL-Workspace/Xilinx_SDK_Workspace/MyAudio/CantaviStreamer6-single-tc-rplc-interleaved/ip-repo/median_filter_1.0</xilinx:tag>
        <xilinx:tag xilinx:name="ui.data.coregen.dd@284bd933_ARCHIVE_LOCATION">/home/thanx/HDL-Workspace/Xilinx_SDK_Workspace/MyAudio/CantaviStreamer6-single-tc-rplc-interleaved/ip-repo/median_filter_1.0</xilinx:tag>
        <xilinx:tag xilinx:name="ui.data.coregen.dd@5f8bf7f5_ARCHIVE_LOCATION">/home/thanx/HDL-Workspace/Xilinx_SDK_Workspace/MyAudio/CantaviStreamer6-single-tc-rplc-interleaved/ip-repo/median_filter_1.0</xilinx:tag>
        <xilinx:tag xilinx:name="ui.data.coregen.dd@1a2ceef3_ARCHIVE_LOCATION">/home/thanx/HDL-Workspace/Xilinx_SDK_Workspace/MyAudio/CantaviStreamer6-single-tc-rplc-interleaved/ip-repo/median_filter_1.0</xilinx:tag>
        <xilinx:tag xilinx:name="ui.data.coregen.dd@7b02aa20_ARCHIVE_LOCATION">/home/thanx/HDL-Workspace/Xilinx_SDK_Workspace/MyAudio/CantaviStreamer6-single-tc-rplc-interleaved/ip-repo/median_filter_1.0</xilinx:tag>
        <xilinx:tag xilinx:name="ui.data.coregen.dd@770ea567_ARCHIVE_LOCATION">/home/thanx/HDL-Workspace/Xilinx_SDK_Workspace/MyAudio/CantaviStreamer6-single-tc-rplc-interleaved/ip-repo/median_filter_1.0</xilinx:tag>
        <xilinx:tag xilinx:name="ui.data.coregen.dd@22bb1d1f_ARCHIVE_LOCATION">/home/thanx/HDL-Workspace/Xilinx_SDK_Workspace/MyAudio/CantaviStreamer6-single-tc-rplc-interleaved/ip-repo/median_filter_1.0</xilinx:tag>
        <xilinx:tag xilinx:name="ui.data.coregen.dd@68542d0f_ARCHIVE_LOCATION">/home/thanx/HDL-Workspace/Xilinx_SDK_Workspace/MyAudio/CantaviStreamer6-single-tc-rplc-interleaved/ip-repo/median_filter_1.0</xilinx:tag>
        <xilinx:tag xilinx:name="ui.data.coregen.dd@509b4ff0_ARCHIVE_LOCATION">/home/thanx/HDL-Workspace/Xilinx_SDK_Workspace/MyAudio/CantaviStreamer6-single-tc-rplc-interleaved/ip-repo/median_filter_1.0</xilinx:tag>
        <xilinx:tag xilinx:name="ui.data.coregen.dd@7b8eb8f0_ARCHIVE_LOCATION">/home/thanx/HDL-Workspace/Xilinx_SDK_Workspace/MyAudio/CantaviStreamer6-single-tc-rplc-interleaved/ip-repo/median_filter_1.0</xilinx:tag>
        <xilinx:tag xilinx:name="ui.data.coregen.dd@103ea336_ARCHIVE_LOCATION">/home/thanx/HDL-Workspace/Xilinx_SDK_Workspace/MyAudio/CantaviStreamer6-single-tc-rplc-interleaved/ip-repo/median_filter_1.0</xilinx:tag>
        <xilinx:tag xilinx:name="ui.data.coregen.dd@31a94d3b_ARCHIVE_LOCATION">/home/thanx/HDL-Workspace/Xilinx_SDK_Workspace/MyAudio/CantaviStreamer6-single-tc-rplc-interleaved/ip-repo/median_filter_1.0</xilinx:tag>
        <xilinx:tag xilinx:name="ui.data.coregen.dd@14ff8359_ARCHIVE_LOCATION">/home/thanx/HDL-Workspace/Xilinx_SDK_Workspace/MyAudio/CantaviStreamer6-single-tc-rplc-interleaved/ip-repo/median_filter_1.0</xilinx:tag>
        <xilinx:tag xilinx:name="ui.data.coregen.dd@4fc36875_ARCHIVE_LOCATION">/home/thanx/HDL-Workspace/Xilinx_SDK_Workspace/MyAudio/CantaviStreamer6-single-tc-rplc-interleaved/ip-repo/median_filter_1.0</xilinx:tag>
        <xilinx:tag xilinx:name="ui.data.coregen.dd@16e9321_ARCHIVE_LOCATION">/home/thanx/HDL-Workspace/Xilinx_SDK_Workspace/MyAudio/CantaviStreamer6-single-tc-rplc-interleaved/ip-repo/median_filter_1.0</xilinx:tag>
        <xilinx:tag xilinx:name="ui.data.coregen.dd@35cf5e87_ARCHIVE_LOCATION">/home/thanx/HDL-Workspace/Xilinx_SDK_Workspace/MyAudio/CantaviStreamer6-single-tc-rplc-interleaved/ip-repo/median_filter_1.0</xilinx:tag>
        <xilinx:tag xilinx:name="ui.data.coregen.dd@18a81193_ARCHIVE_LOCATION">/home/thanx/HDL-Workspace/Xilinx_SDK_Workspace/MyAudio/CantaviStreamer6-single-tc-rplc-interleaved/ip-repo/median_filter_1.0</xilinx:tag>
        <xilinx:tag xilinx:name="ui.data.coregen.dd@654868e5_ARCHIVE_LOCATION">/home/thanx/HDL-Workspace/Xilinx_SDK_Workspace/MyAudio/CantaviStreamer6-single-tc-rplc-interleaved/ip-repo/median_filter_1.0</xilinx:tag>
        <xilinx:tag xilinx:name="ui.data.coregen.dd@5647bb47_ARCHIVE_LOCATION">/home/thanx/HDL-Workspace/Xilinx_SDK_Workspace/MyAudio/CantaviStreamer6-single-tc-rplc-interleaved/ip-repo/median_filter_1.0</xilinx:tag>
        <xilinx:tag xilinx:name="ui.data.coregen.dd@2664714a_ARCHIVE_LOCATION">/home/thanx/HDL-Workspace/Xilinx_SDK_Workspace/MyAudio/CantaviStreamer6-single-tc-rplc-interleaved/ip-repo/median_filter_1.0</xilinx:tag>
        <xilinx:tag xilinx:name="ui.data.coregen.dd@604c41f9_ARCHIVE_LOCATION">/home/thanx/HDL-Workspace/Xilinx_SDK_Workspace/MyAudio/CantaviStreamer6-single-tc-rplc-interleaved/ip-repo/median_filter_1.0</xilinx:tag>
        <xilinx:tag xilinx:name="ui.data.coregen.dd@60801cf0_ARCHIVE_LOCATION">/home/thanx/HDL-Workspace/Xilinx_SDK_Workspace/MyAudio/CantaviStreamer6-single-tc-rplc-interleaved/ip-repo/median_filter_1.0</xilinx:tag>
        <xilinx:tag xilinx:name="ui.data.coregen.dd@1ee124ae_ARCHIVE_LOCATION">/home/thanx/HDL-Workspace/Xilinx_SDK_Workspace/MyAudio/CantaviStreamer6-single-tc-rplc-interleaved/ip-repo/median_filter_1.0</xilinx:tag>
        <xilinx:tag xilinx:name="ui.data.coregen.dd@35330446_ARCHIVE_LOCATION">/home/thanx/HDL-Workspace/Xilinx_SDK_Workspace/MyAudio/CantaviStreamer6-single-tc-rplc-interleaved/ip-repo/median_filter_1.0</xilinx:tag>
        <xilinx:tag xilinx:name="ui.data.coregen.dd@1f5c4aa2_ARCHIVE_LOCATION">/home/thanx/HDL-Workspace/Xilinx_SDK_Workspace/MyAudio/CantaviStreamer6-single-tc-rplc-interleaved/ip-repo/median_filter_1.0</xilinx:tag>
        <xilinx:tag xilinx:name="ui.data.coregen.dd@1348bc7b_ARCHIVE_LOCATION">/home/thanx/HDL-Workspace/Xilinx_SDK_Workspace/MyAudio/CantaviStreamer6-single-tc-rplc-interleaved/ip-repo/median_filter_1.0</xilinx:tag>
        <xilinx:tag xilinx:name="ui.data.coregen.dd@7269ea07_ARCHIVE_LOCATION">/home/thanx/HDL-Workspace/Xilinx_SDK_Workspace/MyAudio/CantaviStreamer6-single-tc-rplc-interleaved/ip-repo/median_filter_1.0</xilinx:tag>
        <xilinx:tag xilinx:name="ui.data.coregen.dd@215acf87_ARCHIVE_LOCATION">/home/thanx/HDL-Workspace/Xilinx_SDK_Workspace/MyAudio/CantaviStreamer6-single-tc-rplc-interleaved/ip-repo/median_filter_1.0</xilinx:tag>
        <xilinx:tag xilinx:name="ui.data.coregen.dd@24c7ece0_ARCHIVE_LOCATION">/home/thanx/HDL-Workspace/Xilinx_SDK_Workspace/MyAudio/CantaviStreamer6-single-tc-rplc-interleaved/ip-repo/median_filter_1.0</xilinx:tag>
        <xilinx:tag xilinx:name="ui.data.coregen.dd@3ed3f865_ARCHIVE_LOCATION">/home/thanx/HDL-Workspace/Xilinx_SDK_Workspace/MyAudio/CantaviStreamer6-single-tc-rplc-interleaved/ip-repo/median_filter_1.0</xilinx:tag>
        <xilinx:tag xilinx:name="ui.data.coregen.dd@558db62e_ARCHIVE_LOCATION">/home/thanx/HDL-Workspace/Xilinx_SDK_Workspace/MyAudio/CantaviStreamer6-single-tc-rplc-interleaved/ip-repo/median_filter_1.0</xilinx:tag>
        <xilinx:tag xilinx:name="ui.data.coregen.dd@71ca7be3_ARCHIVE_LOCATION">/home/thanx/HDL-Workspace/Xilinx_SDK_Workspace/MyAudio/CantaviStreamer6-single-tc-rplc-interleaved/ip-repo/median_filter_1.0</xilinx:tag>
        <xilinx:tag xilinx:name="ui.data.coregen.dd@6c33fb7d_ARCHIVE_LOCATION">/home/thanx/HDL-Workspace/Xilinx_SDK_Workspace/MyAudio/CantaviStreamer6-single-tc-rplc-interleaved/ip-repo/median_filter_1.0</xilinx:tag>
        <xilinx:tag xilinx:name="ui.data.coregen.dd@5bcebb0f_ARCHIVE_LOCATION">/home/thanx/HDL-Workspace/Xilinx_SDK_Workspace/MyAudio/CantaviStreamer6-single-tc-rplc-interleaved/ip-repo/median_filter_1.0</xilinx:tag>
        <xilinx:tag xilinx:name="ui.data.coregen.dd@40682dd1_ARCHIVE_LOCATION">/home/thanx/HDL-Workspace/Xilinx_SDK_Workspace/MyAudio/CantaviStreamer6-single-tc-rplc-interleaved/ip-repo/median_filter_1.0</xilinx:tag>
        <xilinx:tag xilinx:name="ui.data.coregen.dd@597a190e_ARCHIVE_LOCATION">/home/thanx/HDL-Workspace/Xilinx_SDK_Workspace/MyAudio/CantaviStreamer6-single-tc-rplc-interleaved/ip-repo/median_filter_1.0</xilinx:tag>
        <xilinx:tag xilinx:name="ui.data.coregen.dd@3a29716c_ARCHIVE_LOCATION">/home/thanx/HDL-Workspace/Xilinx_SDK_Workspace/MyAudio/CantaviStreamer6-single-tc-rplc-interleaved/ip-repo/median_filter_1.0</xilinx:tag>
        <xilinx:tag xilinx:name="ui.data.coregen.dd@5e9ef7c1_ARCHIVE_LOCATION">/home/thanx/HDL-Workspace/Xilinx_SDK_Workspace/MyAudio/CantaviStreamer6-single-tc-rplc-interleaved-median/ip-repo/median_filter_1.0</xilinx:tag>
        <xilinx:tag xilinx:name="ui.data.coregen.dd@56ce0ee9_ARCHIVE_LOCATION">/home/thanx/HDL-Workspace/Xilinx_SDK_Workspace/MyAudio/CantaviStreamer6-single-tc-rplc-interleaved-median/ip-repo/median_filter_1.0</xilinx:tag>
        <xilinx:tag xilinx:name="ui.data.coregen.dd@5c56b3c5_ARCHIVE_LOCATION">/home/thanx/HDL-Workspace/Xilinx_SDK_Workspace/MyAudio/CantaviStreamer6-single-tc-rplc-interleaved-median/ip-repo/median_filter_1.0</xilinx:tag>
        <xilinx:tag xilinx:name="ui.data.coregen.dd@2ac2a112_ARCHIVE_LOCATION">/home/thanx/HDL-Workspace/Xilinx_SDK_Workspace/MyAudio/CantaviStreamer6-single-tc-rplc-interleaved-median/ip-repo/median_filter_1.0</xilinx:tag>
        <xilinx:tag xilinx:name="ui.data.coregen.dd@23a6da1_ARCHIVE_LOCATION">/home/thanx/HDL-Workspace/Xilinx_SDK_Workspace/MyAudio/CantaviStreamer6-single-tc-rplc-interleaved-median/ip-repo/median_filter_1.0</xilinx:tag>
        <xilinx:tag xilinx:name="ui.data.coregen.dd@2f507c70_ARCHIVE_LOCATION">/home/thanx/HDL-Workspace/Xilinx_SDK_Workspace/MyAudio/CantaviStreamer6-single-tc-rplc-interleaved-median/ip-repo/median_filter_1.0</xilinx:tag>
        <xilinx:tag xilinx:name="ui.data.coregen.dd@2844c5a3_ARCHIVE_LOCATION">/home/thanx/HDL-Workspace/Xilinx_SDK_Workspace/MyAudio/CantaviStreamer6-single-tc-rplc-interleaved-median/ip-repo/median_filter_1.0</xilinx:tag>
        <xilinx:tag xilinx:name="ui.data.coregen.dd@40e013ad_ARCHIVE_LOCATION">/home/thanx/HDL-Workspace/Xilinx_SDK_Workspace/MyAudio/CantaviStreamer6-single-tc-rplc-interleaved-median/ip-repo/median_filter_1.0</xilinx:tag>
        <xilinx:tag xilinx:name="ui.data.coregen.dd@74c6498f_ARCHIVE_LOCATION">/home/thanx/HDL-Workspace/Xilinx_SDK_Workspace/MyAudio/CantaviStreamer6-single-tc-rplc-interleaved-median/ip-repo/median_filter_1.0</xilinx:tag>
        <xilinx:tag xilinx:name="ui.data.coregen.dd@339a7395_ARCHIVE_LOCATION">/home/thanx/HDL-Workspace/Xilinx_SDK_Workspace/MyAudio/CantaviStreamer6-single-tc-rplc-interleaved-median/ip-repo/median_filter_1.0</xilinx:tag>
        <xilinx:tag xilinx:name="ui.data.coregen.dd@67d84688_ARCHIVE_LOCATION">/home/thanx/HDL-Workspace/Xilinx_SDK_Workspace/MyAudio/CantaviStreamer6-single-tc-rplc-interleaved-median/ip-repo/median_filter_1.0</xilinx:tag>
        <xilinx:tag xilinx:name="ui.data.coregen.dd@4058750c_ARCHIVE_LOCATION">/home/thanx/HDL-Workspace/Xilinx_SDK_Workspace/MyAudio/CantaviStreamer6-single-tc-rplc-interleaved-median/ip-repo/median_filter_1.0</xilinx:tag>
        <xilinx:tag xilinx:name="ui.data.coregen.dd@4ce57767_ARCHIVE_LOCATION">/home/thanx/HDL-Workspace/Xilinx_SDK_Workspace/MyAudio/CantaviStreamer6-single-tc-rplc-interleaved-median/ip-repo/median_filter_1.0</xilinx:tag>
        <xilinx:tag xilinx:name="ui.data.coregen.dd@b19f62c_ARCHIVE_LOCATION">/home/thanx/HDL-Workspace/Xilinx_SDK_Workspace/MyAudio/CantaviStreamer6-single-tc-rplc-interleaved-median/ip-repo/median_filter_1.0</xilinx:tag>
        <xilinx:tag xilinx:name="ui.data.coregen.dd@5b7efe33_ARCHIVE_LOCATION">/home/thanx/HDL-Workspace/Xilinx_SDK_Workspace/MyAudio/CantaviStreamer6-single-tc-rplc-interleaved-median/ip-repo/median_filter_1.0</xilinx:tag>
        <xilinx:tag xilinx:name="ui.data.coregen.dd@66d67c88_ARCHIVE_LOCATION">/home/thanx/HDL-Workspace/Xilinx_SDK_Workspace/MyAudio/CantaviStreamer6-single-tc-rplc-interleaved-median/ip-repo/median_filter_1.0</xilinx:tag>
        <xilinx:tag xilinx:name="ui.data.coregen.dd@5f35537a_ARCHIVE_LOCATION">/home/thanx/HDL-Workspace/Xilinx_SDK_Workspace/MyAudio/CantaviStreamer6-single-tc-rplc-interleaved-median/ip-repo/median_filter_1.0</xilinx:tag>
        <xilinx:tag xilinx:name="ui.data.coregen.dd@1b36f799_ARCHIVE_LOCATION">/home/thanx/HDL-Workspace/Xilinx_SDK_Workspace/MyAudio/CantaviStreamer6-single-tc-rplc-interleaved-median/ip-repo/median_filter_1.0</xilinx:tag>
        <xilinx:tag xilinx:name="ui.data.coregen.dd@78664b2a_ARCHIVE_LOCATION">/home/thanx/HDL-Workspace/Xilinx_SDK_Workspace/MyAudio/CantaviStreamer6-single-tc-rplc-interleaved-median/ip-repo/median_filter_1.0</xilinx:tag>
        <xilinx:tag xilinx:name="ui.data.coregen.dd@603da07_ARCHIVE_LOCATION">/home/thanx/HDL-Workspace/Xilinx_SDK_Workspace/MyAudio/CantaviStreamer6-single-tc-rplc-interleaved-median/ip-repo/median_filter_1.0</xilinx:tag>
        <xilinx:tag xilinx:name="ui.data.coregen.dd@731a5316_ARCHIVE_LOCATION">/home/thanx/HDL-Workspace/Xilinx_SDK_Workspace/MyAudio/CantaviStreamer6-single-tc-rplc-interleaved-median/ip-repo/median_filter_1.0</xilinx:tag>
        <xilinx:tag xilinx:name="ui.data.coregen.dd@5a844e3a_ARCHIVE_LOCATION">/home/thanx/HDL-Workspace/Xilinx_SDK_Workspace/MyAudio/CantaviStreamer6-single-tc-rplc-interleaved-median/ip-repo/median_filter_1.0</xilinx:tag>
        <xilinx:tag xilinx:name="ui.data.coregen.dd@28adc72a_ARCHIVE_LOCATION">/home/thanx/HDL-Workspace/Xilinx_SDK_Workspace/MyAudio/CantaviStreamer6-single-tc-rplc-interleaved-median/ip-repo/median_filter_1.0</xilinx:tag>
        <xilinx:tag xilinx:name="ui.data.coregen.dd@42f75024_ARCHIVE_LOCATION">/home/thanx/HDL-Workspace/Xilinx_SDK_Workspace/MyAudio/CantaviStreamer6-single-tc-rplc-interleaved-median/ip-repo/median_filter_1.0</xilinx:tag>
        <xilinx:tag xilinx:name="ui.data.coregen.dd@177ee3b2_ARCHIVE_LOCATION">/home/thanx/HDL-Workspace/Xilinx_SDK_Workspace/MyAudio/CantaviStreamer6-single-tc-rplc-interleaved-median/ip-repo/median_filter_1.0</xilinx:tag>
        <xilinx:tag xilinx:name="ui.data.coregen.dd@5bf54eae_ARCHIVE_LOCATION">/home/thanx/HDL-Workspace/Xilinx_SDK_Workspace/MyAudio/CantaviStreamer6-single-tc-rplc-interleaved-median/ip-repo/median_filter_1.0</xilinx:tag>
        <xilinx:tag xilinx:name="ui.data.coregen.dd@7fc1a4dd_ARCHIVE_LOCATION">/home/thanx/HDL-Workspace/Xilinx_SDK_Workspace/MyAudio/CantaviStreamer6-single-tc-rplc-interleaved-median/ip-repo/median_filter_1.0</xilinx:tag>
        <xilinx:tag xilinx:name="ui.data.coregen.dd@1211612_ARCHIVE_LOCATION">/home/thanx/HDL-Workspace/Xilinx_SDK_Workspace/MyAudio/CantaviStreamer6-single-tc-rplc-interleaved-median/ip-repo/median_filter_1.0</xilinx:tag>
        <xilinx:tag xilinx:name="ui.data.coregen.dd@28f57f04_ARCHIVE_LOCATION">/home/thanx/HDL-Workspace/Xilinx_SDK_Workspace/MyAudio/CantaviStreamer6-single-tc-rplc-interleaved-median/ip-repo/median_filter_1.0</xilinx:tag>
        <xilinx:tag xilinx:name="ui.data.coregen.dd@421dcd15_ARCHIVE_LOCATION">/home/thanx/HDL-Workspace/Xilinx_SDK_Workspace/MyAudio/CantaviStreamer6-single-tc-rplc-interleaved-median/ip-repo/median_filter_1.0</xilinx:tag>
        <xilinx:tag xilinx:name="ui.data.coregen.dd@4b9a823b_ARCHIVE_LOCATION">/home/thanx/HDL-Workspace/Xilinx_SDK_Workspace/MyAudio/CantaviStreamer6-single-tc-rplc-interleaved-median/ip-repo/median_filter_1.0</xilinx:tag>
        <xilinx:tag xilinx:name="ui.data.coregen.dd@168386fc_ARCHIVE_LOCATION">/home/thanx/HDL-Workspace/Xilinx_SDK_Workspace/MyAudio/CantaviStreamer6-single-tc-rplc-interleaved-median/ip-repo/median_filter_1.0</xilinx:tag>
        <xilinx:tag xilinx:name="ui.data.coregen.dd@299dd66f_ARCHIVE_LOCATION">/home/thanx/HDL-Workspace/Xilinx_SDK_Workspace/MyAudio/CantaviStreamer6-single-tc-rplc-interleaved-median/ip-repo/median_filter_1.0</xilinx:tag>
        <xilinx:tag xilinx:name="ui.data.coregen.dd@488da277_ARCHIVE_LOCATION">/home/thanx/HDL-Workspace/Xilinx_SDK_Workspace/MyAudio/CantaviStreamer6-single-tc-rplc-interleaved-median/ip-repo/median_filter_1.0</xilinx:tag>
        <xilinx:tag xilinx:name="ui.data.coregen.dd@456eb122_ARCHIVE_LOCATION">/home/thanx/HDL-Workspace/Xilinx_SDK_Workspace/MyAudio/CantaviStreamer6-single-tc-rplc-interleaved-median/ip-repo/median_filter_1.0</xilinx:tag>
        <xilinx:tag xilinx:name="ui.data.coregen.dd@691843e7_ARCHIVE_LOCATION">/home/thanx/HDL-Workspace/Xilinx_SDK_Workspace/MyAudio/CantaviStreamer6-single-tc-rplc-interleaved-median/ip-repo/median_filter_1.0</xilinx:tag>
        <xilinx:tag xilinx:name="ui.data.coregen.dd@5665c569_ARCHIVE_LOCATION">/home/thanx/HDL-Workspace/Xilinx_SDK_Workspace/MyAudio/CantaviStreamer6-single-tc-rplc-interleaved-median/ip-repo/median_filter_1.0</xilinx:tag>
        <xilinx:tag xilinx:name="ui.data.coregen.dd@55307c12_ARCHIVE_LOCATION">/home/thanx/HDL-Workspace/Xilinx_SDK_Workspace/MyAudio/CantaviStreamer6-single-tc-rplc-interleaved-median/ip-repo/median_filter_1.0</xilinx:tag>
        <xilinx:tag xilinx:name="ui.data.coregen.dd@182d523d_ARCHIVE_LOCATION">/home/thanx/HDL-Workspace/Xilinx_SDK_Workspace/MyAudio/CantaviStreamer6-single-tc-rplc-interleaved-median/ip-repo/median_filter_1.0</xilinx:tag>
        <xilinx:tag xilinx:name="ui.data.coregen.dd@39780e32_ARCHIVE_LOCATION">/home/thanx/HDL-Workspace/Xilinx_SDK_Workspace/MyAudio/CantaviStreamer6-single-tc-rplc-interleaved-median/ip-repo/median_filter_1.0</xilinx:tag>
        <xilinx:tag xilinx:name="ui.data.coregen.dd@203bef1_ARCHIVE_LOCATION">/home/thanx/HDL-Workspace/Xilinx_SDK_Workspace/MyAudio/CantaviStreamer6-single-tc-rplc-interleaved-median/ip-repo/median_filter_1.0</xilinx:tag>
        <xilinx:tag xilinx:name="ui.data.coregen.dd@164f224f_ARCHIVE_LOCATION">/home/thanx/HDL-Workspace/Xilinx_SDK_Workspace/MyAudio/CantaviStreamer6-single-tc-rplc-interleaved-median/ip-repo/median_filter_1.0</xilinx:tag>
        <xilinx:tag xilinx:name="ui.data.coregen.dd@204ac6cf_ARCHIVE_LOCATION">/home/thanx/HDL-Workspace/Xilinx_SDK_Workspace/MyAudio/CantaviStreamer6-single-tc-rplc-interleaved-median/ip-repo/median_filter_1.0</xilinx:tag>
        <xilinx:tag xilinx:name="ui.data.coregen.dd@5e00aac5_ARCHIVE_LOCATION">/home/thanx/HDL-Workspace/Xilinx_SDK_Workspace/MyAudio/CantaviStreamer6-single-tc-rplc-interleaved-median/ip-repo/median_filter_1.0</xilinx:tag>
        <xilinx:tag xilinx:name="ui.data.coregen.dd@485f0d52_ARCHIVE_LOCATION">/home/thanx/HDL-Workspace/Xilinx_SDK_Workspace/MyAudio/CantaviStreamer6-single-tc-rplc-interleaved-median/ip-repo/median_filter_1.0</xilinx:tag>
        <xilinx:tag xilinx:name="ui.data.coregen.dd@2de3b91f_ARCHIVE_LOCATION">/home/thanx/HDL-Workspace/Xilinx_SDK_Workspace/MyAudio/CantaviStreamer6-single-tc-rplc-interleaved-median/ip-repo/median_filter_1.0</xilinx:tag>
        <xilinx:tag xilinx:name="ui.data.coregen.dd@3d3af6a0_ARCHIVE_LOCATION">/home/thanx/HDL-Workspace/Xilinx_SDK_Workspace/MyAudio/CantaviStreamer6-single-tc-rplc-interleaved-median/ip-repo/median_filter_1.0</xilinx:tag>
        <xilinx:tag xilinx:name="ui.data.coregen.dd@5701a960_ARCHIVE_LOCATION">/home/thanx/HDL-Workspace/Xilinx_SDK_Workspace/MyAudio/CantaviStreamer6-single-tc-rplc-interleaved-median/ip-repo/median_filter_1.0</xilinx:tag>
        <xilinx:tag xilinx:name="ui.data.coregen.dd@55434bbf_ARCHIVE_LOCATION">/home/thanx/HDL-Workspace/Xilinx_SDK_Workspace/MyAudio/CantaviStreamer6-single-tc-rplc-interleaved-median/ip-repo/median_filter_1.0</xilinx:tag>
        <xilinx:tag xilinx:name="ui.data.coregen.dd@21e50f70_ARCHIVE_LOCATION">/home/thanx/HDL-Workspace/Xilinx_SDK_Workspace/MyAudio/CantaviStreamer6-single-tc-rplc-interleaved-median/ip-repo/median_filter_1.0</xilinx:tag>
        <xilinx:tag xilinx:name="ui.data.coregen.dd@3ed61840_ARCHIVE_LOCATION">/home/thanx/HDL-Workspace/Xilinx_SDK_Workspace/MyAudio/CantaviStreamer6-single-tc-rplc-interleaved-median/ip-repo/median_filter_1.0</xilinx:tag>
        <xilinx:tag xilinx:name="ui.data.coregen.dd@4a0a3c9d_ARCHIVE_LOCATION">/home/thanx/HDL-Workspace/Xilinx_SDK_Workspace/MyAudio/CantaviStreamer6-single-tc-rplc-interleaved-median/ip-repo/median_filter_1.0</xilinx:tag>
        <xilinx:tag xilinx:name="ui.data.coregen.dd@690b2e50_ARCHIVE_LOCATION">/home/thanx/HDL-Workspace/Xilinx_SDK_Workspace/MyAudio/CantaviStreamer6-single-tc-rplc-interleaved-median/ip-repo/median_filter_1.0</xilinx:tag>
        <xilinx:tag xilinx:name="ui.data.coregen.dd@46033f17_ARCHIVE_LOCATION">/home/thanx/HDL-Workspace/Xilinx_SDK_Workspace/MyAudio/CantaviStreamer6-single-tc-rplc-interleaved-median/ip-repo/median_filter_1.0</xilinx:tag>
        <xilinx:tag xilinx:name="ui.data.coregen.dd@750dabd3_ARCHIVE_LOCATION">/home/thanx/HDL-Workspace/Xilinx_SDK_Workspace/MyAudio/CantaviStreamer6-single-tc-rplc-interleaved-median/ip-repo/median_filter_1.0</xilinx:tag>
        <xilinx:tag xilinx:name="ui.data.coregen.dd@b88504f_ARCHIVE_LOCATION">/home/thanx/HDL-Workspace/Xilinx_SDK_Workspace/MyAudio/CantaviStreamer6-single-tc-rplc-interleaved-median/ip-repo/median_filter_1.0</xilinx:tag>
        <xilinx:tag xilinx:name="ui.data.coregen.dd@3f44bb46_ARCHIVE_LOCATION">/home/thanx/HDL-Workspace/Xilinx_SDK_Workspace/MyAudio/CantaviStreamer6-single-tc-rplc-interleaved-median/ip-repo/median_filter_1.0</xilinx:tag>
        <xilinx:tag xilinx:name="ui.data.coregen.dd@22c34918_ARCHIVE_LOCATION">/home/thanx/HDL-Workspace/Xilinx_SDK_Workspace/MyAudio/CantaviStreamer6-single-tc-rplc-interleaved-median/ip-repo/median_filter_1.0</xilinx:tag>
        <xilinx:tag xilinx:name="ui.data.coregen.dd@6f1513ec_ARCHIVE_LOCATION">/home/thanx/HDL-Workspace/Xilinx_SDK_Workspace/MyAudio/CantaviStreamer6-single-tc-rplc-interleaved-median/ip-repo/median_filter_1.0</xilinx:tag>
        <xilinx:tag xilinx:name="ui.data.coregen.dd@273ff0a6_ARCHIVE_LOCATION">/home/thanx/HDL-Workspace/Xilinx_SDK_Workspace/MyAudio/CantaviStreamer6-single-tc-rplc-interleaved-median/ip-repo/median_filter_1.0</xilinx:tag>
        <xilinx:tag xilinx:name="ui.data.coregen.dd@6dfeaf6c_ARCHIVE_LOCATION">/home/thanx/HDL-Workspace/Xilinx_SDK_Workspace/MyAudio/CantaviStreamer6-single-tc-rplc-interleaved-median/ip-repo/median_filter_1.0</xilinx:tag>
        <xilinx:tag xilinx:name="ui.data.coregen.dd@6c47b291_ARCHIVE_LOCATION">/home/thanx/HDL-Workspace/Xilinx_SDK_Workspace/MyAudio/CantaviStreamer6-single-tc-rplc-interleaved-median/ip-repo/median_filter_1.0</xilinx:tag>
        <xilinx:tag xilinx:name="ui.data.coregen.dd@14982822_ARCHIVE_LOCATION">/home/thanx/HDL-Workspace/Xilinx_SDK_Workspace/MyAudio/CantaviStreamer6-single-tc-rplc-interleaved-median/ip-repo/median_filter_1.0</xilinx:tag>
        <xilinx:tag xilinx:name="ui.data.coregen.dd@527786c5_ARCHIVE_LOCATION">/home/thanx/HDL-Workspace/Xilinx_SDK_Workspace/MyAudio/CantaviStreamer6-single-tc-rplc-interleaved-median/ip-repo/median_filter_1.0</xilinx:tag>
        <xilinx:tag xilinx:name="ui.data.coregen.dd@788c1d9f_ARCHIVE_LOCATION">/home/thanx/HDL-Workspace/Xilinx_SDK_Workspace/MyAudio/CantaviStreamer6-single-tc-rplc-interleaved-median/ip-repo/median_filter_1.0</xilinx:tag>
        <xilinx:tag xilinx:name="ui.data.coregen.dd@3b96ba73_ARCHIVE_LOCATION">/home/thanx/HDL-Workspace/Xilinx_SDK_Workspace/MyAudio/CantaviStreamer6-single-tc-rplc-interleaved-median/ip-repo/median_filter_1.0</xilinx:tag>
        <xilinx:tag xilinx:name="ui.data.coregen.dd@ceb9c46_ARCHIVE_LOCATION">/home/thanx/HDL-Workspace/Xilinx_SDK_Workspace/MyAudio/CantaviStreamer6-single-tc-rplc-interleaved-median/ip-repo/median_filter_1.0</xilinx:tag>
        <xilinx:tag xilinx:name="ui.data.coregen.dd@6f84c706_ARCHIVE_LOCATION">/home/thanx/HDL-Workspace/Xilinx_SDK_Workspace/MyAudio/CantaviStreamer6-single-tc-rplc-interleaved-median/ip-repo/median_filter_1.0</xilinx:tag>
        <xilinx:tag xilinx:name="ui.data.coregen.dd@53a07331_ARCHIVE_LOCATION">/home/thanx/HDL-Workspace/Xilinx_SDK_Workspace/MyAudio/CantaviStreamer6-single-tc-rplc-interleaved-median/ip-repo/median_filter_1.0</xilinx:tag>
        <xilinx:tag xilinx:name="ui.data.coregen.dd@5134cbd_ARCHIVE_LOCATION">/home/thanx/HDL-Workspace/Xilinx_SDK_Workspace/MyAudio/CantaviStreamer6-single-tc-rplc-interleaved-median/ip-repo/median_filter_1.0</xilinx:tag>
        <xilinx:tag xilinx:name="ui.data.coregen.dd@257aee77_ARCHIVE_LOCATION">/home/thanx/HDL-Workspace/Xilinx_SDK_Workspace/MyAudio/CantaviStreamer6-single-tc-rplc-interleaved-median/ip-repo/median_filter_1.0</xilinx:tag>
        <xilinx:tag xilinx:name="ui.data.coregen.dd@73ef5a99_ARCHIVE_LOCATION">/home/thanx/HDL-Workspace/Xilinx_SDK_Workspace/MyAudio/CantaviStreamer6-single-tc-rplc-interleaved-median/ip-repo/median_filter_1.0</xilinx:tag>
        <xilinx:tag xilinx:name="ui.data.coregen.dd@40ce21bf_ARCHIVE_LOCATION">/home/thanx/HDL-Workspace/Xilinx_SDK_Workspace/MyAudio/CantaviStreamer6-single-tc-rplc-interleaved-median/ip-repo/median_filter_1.0</xilinx:tag>
        <xilinx:tag xilinx:name="ui.data.coregen.dd@373f2cf1_ARCHIVE_LOCATION">/home/thanx/HDL-Workspace/Xilinx_SDK_Workspace/MyAudio/CantaviStreamer6-single-tc-rplc-interleaved-median/ip-repo/median_filter_1.0</xilinx:tag>
        <xilinx:tag xilinx:name="ui.data.coregen.dd@690cdcd9_ARCHIVE_LOCATION">/home/thanx/HDL-Workspace/Xilinx_SDK_Workspace/MyAudio/CantaviStreamer6-single-tc-rplc-interleaved-median/ip-repo/median_filter_1.0</xilinx:tag>
        <xilinx:tag xilinx:name="ui.data.coregen.dd@4c47dcec_ARCHIVE_LOCATION">/home/thanx/HDL-Workspace/Xilinx_SDK_Workspace/MyAudio/CantaviStreamer6-single-tc-rplc-interleaved-median/ip-repo/median_filter_1.0</xilinx:tag>
        <xilinx:tag xilinx:name="ui.data.coregen.dd@1b50be85_ARCHIVE_LOCATION">/home/thanx/HDL-Workspace/Xilinx_SDK_Workspace/MyAudio/CantaviStreamer6-single-tc-rplc-interleaved-median/ip-repo/median_filter_1.0</xilinx:tag>
        <xilinx:tag xilinx:name="ui.data.coregen.dd@28044959_ARCHIVE_LOCATION">/home/thanx/HDL-Workspace/Xilinx_SDK_Workspace/MyAudio/CantaviStreamer6-single-tc-rplc-interleaved-median/ip-repo/median_filter_1.0</xilinx:tag>
        <xilinx:tag xilinx:name="ui.data.coregen.dd@57612931_ARCHIVE_LOCATION">/home/thanx/HDL-Workspace/Xilinx_SDK_Workspace/MyAudio/CantaviStreamer6-single-tc-rplc-interleaved-median/ip-repo/median_filter_1.0</xilinx:tag>
        <xilinx:tag xilinx:name="ui.data.coregen.dd@305374a2_ARCHIVE_LOCATION">/home/thanx/HDL-Workspace/Xilinx_SDK_Workspace/MyAudio/CantaviStreamer6-single-tc-rplc-interleaved-median/ip-repo/median_filter_1.0</xilinx:tag>
        <xilinx:tag xilinx:name="ui.data.coregen.dd@131ef6a3_ARCHIVE_LOCATION">/home/thanx/HDL-Workspace/Xilinx_SDK_Workspace/MyAudio/CantaviStreamer6-single-tc-rplc-interleaved-median/ip-repo/median_filter_1.0</xilinx:tag>
        <xilinx:tag xilinx:name="ui.data.coregen.dd@6d6e10d4_ARCHIVE_LOCATION">/home/thanx/HDL-Workspace/Xilinx_SDK_Workspace/MyAudio/CantaviStreamer6-single-tc-rplc-interleaved-median/ip-repo/median_filter_1.0</xilinx:tag>
        <xilinx:tag xilinx:name="ui.data.coregen.dd@4e4cb6f1_ARCHIVE_LOCATION">/home/thanx/HDL-Workspace/Xilinx_SDK_Workspace/MyAudio/CantaviStreamer6-single-tc-rplc-interleaved-median/ip-repo/median_filter_1.0</xilinx:tag>
        <xilinx:tag xilinx:name="ui.data.coregen.dd@137924d0_ARCHIVE_LOCATION">/home/thanx/HDL-Workspace/Xilinx_SDK_Workspace/MyAudio/CantaviStreamer6-single-tc-rplc-interleaved-median/ip-repo/median_filter_1.0</xilinx:tag>
        <xilinx:tag xilinx:name="ui.data.coregen.dd@577809df_ARCHIVE_LOCATION">/home/thanx/HDL-Workspace/Xilinx_SDK_Workspace/MyAudio/CantaviStreamer6-single-tc-rplc-interleaved-median/ip-repo/median_filter_1.0</xilinx:tag>
        <xilinx:tag xilinx:name="ui.data.coregen.dd@246d1164_ARCHIVE_LOCATION">/home/thanx/HDL-Workspace/Xilinx_SDK_Workspace/MyAudio/CantaviStreamer6-single-tc-rplc-interleaved-median/ip-repo/median_filter_1.0</xilinx:tag>
        <xilinx:tag xilinx:name="ui.data.coregen.dd@6f3387e5_ARCHIVE_LOCATION">/home/thanx/HDL-Workspace/Xilinx_SDK_Workspace/MyAudio/CantaviStreamer6-single-tc-rplc-interleaved-median/ip-repo/median_filter_1.0</xilinx:tag>
        <xilinx:tag xilinx:name="ui.data.coregen.dd@4139cb75_ARCHIVE_LOCATION">/home/thanx/HDL-Workspace/Xilinx_SDK_Workspace/MyAudio/CantaviStreamer6-single-tc-rplc-interleaved-median/ip-repo/median_filter_1.0</xilinx:tag>
        <xilinx:tag xilinx:name="ui.data.coregen.dd@2bed6374_ARCHIVE_LOCATION">/home/thanx/HDL-Workspace/Xilinx_SDK_Workspace/MyAudio/CantaviStreamer6-single-tc-rplc-interleaved-median/ip-repo/median_filter_1.0</xilinx:tag>
        <xilinx:tag xilinx:name="ui.data.coregen.dd@55bc9c84_ARCHIVE_LOCATION">/home/thanx/HDL-Workspace/Xilinx_SDK_Workspace/MyAudio/CantaviStreamer6-single-tc-rplc-interleaved-median/ip-repo/median_filter_1.0</xilinx:tag>
        <xilinx:tag xilinx:name="ui.data.coregen.dd@33d52083_ARCHIVE_LOCATION">/home/thanx/HDL-Workspace/Xilinx_SDK_Workspace/MyAudio/CantaviStreamer6-single-tc-rplc-interleaved-median/ip-repo/median_filter_1.0</xilinx:tag>
        <xilinx:tag xilinx:name="ui.data.coregen.dd@1e978f43_ARCHIVE_LOCATION">/home/thanx/HDL-Workspace/Xilinx_SDK_Workspace/MyAudio/CantaviStreamer6-single-tc-rplc-interleaved-median/ip-repo/median_filter_1.0</xilinx:tag>
        <xilinx:tag xilinx:name="ui.data.coregen.dd@5d952d6e_ARCHIVE_LOCATION">/home/thanx/HDL-Workspace/Xilinx_SDK_Workspace/MyAudio/CantaviStreamer6-single-tc-rplc-interleaved-median/ip-repo/median_filter_1.0</xilinx:tag>
        <xilinx:tag xilinx:name="ui.data.coregen.dd@50b35301_ARCHIVE_LOCATION">/home/thanx/HDL-Workspace/Xilinx_SDK_Workspace/MyAudio/CantaviStreamer6-single-tc-rplc-interleaved-median/ip-repo/median_filter_1.0</xilinx:tag>
        <xilinx:tag xilinx:name="ui.data.coregen.dd@44967e17_ARCHIVE_LOCATION">/home/thanx/HDL-Workspace/Xilinx_SDK_Workspace/MyAudio/CantaviStreamer6-single-tc-rplc-interleaved-median/ip-repo/median_filter_1.0</xilinx:tag>
        <xilinx:tag xilinx:name="ui.data.coregen.dd@603c9cc6_ARCHIVE_LOCATION">/home/thanx/HDL-Workspace/Xilinx_SDK_Workspace/MyAudio/CantaviStreamer6-single-tc-grplc-interleaved-median/ip-repo/median_filter_1.0</xilinx:tag>
        <xilinx:tag xilinx:name="ui.data.coregen.dd@743d7bde_ARCHIVE_LOCATION">/home/thanx/HDL-Workspace/Xilinx_SDK_Workspace/MyAudio/CantaviStreamer6-single-tc-grplc-interleaved-median/ip-repo/median_filter_1.0</xilinx:tag>
        <xilinx:tag xilinx:name="ui.data.coregen.dd@65cb796_ARCHIVE_LOCATION">/home/thanx/HDL-Workspace/Xilinx_SDK_Workspace/MyAudio/CantaviStreamer6-single-tc-grplc-interleaved-median/ip-repo/median_filter_1.0</xilinx:tag>
        <xilinx:tag xilinx:name="ui.data.coregen.dd@3c39f4c6_ARCHIVE_LOCATION">/home/thanx/HDL-Workspace/Xilinx_SDK_Workspace/MyAudio/CantaviStreamer6-single-tc-grplc-interleaved-median/ip-repo/median_filter_1.0</xilinx:tag>
        <xilinx:tag xilinx:name="ui.data.coregen.dd@1d4fd82_ARCHIVE_LOCATION">/home/thanx/HDL-Workspace/Xilinx_SDK_Workspace/MyAudio/CantaviStreamer6-single-tc-grplc-interleaved-median/ip-repo/median_filter_1.0</xilinx:tag>
        <xilinx:tag xilinx:name="ui.data.coregen.dd@70a0d212_ARCHIVE_LOCATION">/home/thanx/HDL-Workspace/Xilinx_SDK_Workspace/MyAudio/CantaviStreamer6-single-tc-grplc-interleaved-median/ip-repo/median_filter_1.0</xilinx:tag>
        <xilinx:tag xilinx:name="ui.data.coregen.dd@70f06f8f_ARCHIVE_LOCATION">/home/thanx/HDL-Workspace/Xilinx_SDK_Workspace/MyAudio/CantaviStreamer6-single-tc-grplc-interleaved-median/ip-repo/median_filter_1.0</xilinx:tag>
        <xilinx:tag xilinx:name="ui.data.coregen.dd@2c6a53d6_ARCHIVE_LOCATION">/home/thanx/HDL-Workspace/Xilinx_SDK_Workspace/MyAudio/CantaviStreamer6-single-tc-grplc-interleaved-median/ip-repo/median_filter_1.0</xilinx:tag>
        <xilinx:tag xilinx:name="ui.data.coregen.dd@3cf639c_ARCHIVE_LOCATION">/home/thanx/HDL-Workspace/Xilinx_SDK_Workspace/MyAudio/CantaviStreamer6-single-tc-grplc-interleaved-median/ip-repo/median_filter_1.0</xilinx:tag>
        <xilinx:tag xilinx:name="ui.data.coregen.dd@6ec0678a_ARCHIVE_LOCATION">/home/thanx/HDL-Workspace/Xilinx_SDK_Workspace/MyAudio/CantaviStreamer6-single-tc-grplc-interleaved-median/ip-repo/median_filter_1.0</xilinx:tag>
        <xilinx:tag xilinx:name="ui.data.coregen.dd@2d9bf0c9_ARCHIVE_LOCATION">/home/thanx/HDL-Workspace/Xilinx_SDK_Workspace/MyAudio/CantaviStreamer6-single-tc-grplc-interleaved-median/ip-repo/median_filter_1.0</xilinx:tag>
        <xilinx:tag xilinx:name="ui.data.coregen.dd@3b340a12_ARCHIVE_LOCATION">/home/thanx/HDL-Workspace/Xilinx_SDK_Workspace/MyAudio/CantaviStreamer6-single-tc-grplc-interleaved-median/ip-repo/median_filter_1.0</xilinx:tag>
        <xilinx:tag xilinx:name="ui.data.coregen.dd@3716f3d6_ARCHIVE_LOCATION">/home/thanx/HDL-Workspace/Xilinx_SDK_Workspace/MyAudio/CantaviStreamer6-single-tc-grplc-interleaved-median/ip-repo/median_filter_1.0</xilinx:tag>
        <xilinx:tag xilinx:name="ui.data.coregen.dd@74f5f9b1_ARCHIVE_LOCATION">/home/thanx/HDL-Workspace/Xilinx_SDK_Workspace/MyAudio/CantaviStreamer6-single-tc-grplc-interleaved-median/ip-repo/median_filter_1.0</xilinx:tag>
        <xilinx:tag xilinx:name="ui.data.coregen.dd@67d201df_ARCHIVE_LOCATION">/home/thanx/HDL-Workspace/Xilinx_SDK_Workspace/MyAudio/CantaviStreamer6-single-tc-grplc-interleaved-median/ip-repo/median_filter_1.0</xilinx:tag>
        <xilinx:tag xilinx:name="ui.data.coregen.dd@62223758_ARCHIVE_LOCATION">/home/thanx/HDL-Workspace/Xilinx_SDK_Workspace/MyAudio/CantaviStreamer6-single-tc-grplc-interleaved-median/ip-repo/median_filter_1.0</xilinx:tag>
        <xilinx:tag xilinx:name="ui.data.coregen.dd@45cbc935_ARCHIVE_LOCATION">/home/thanx/HDL-Workspace/Xilinx_SDK_Workspace/MyAudio/CantaviStreamer6-single-tc-grplc-interleaved-median/ip-repo/median_filter_1.0</xilinx:tag>
        <xilinx:tag xilinx:name="ui.data.coregen.dd@69d11e0e_ARCHIVE_LOCATION">/home/thanx/HDL-Workspace/Xilinx_SDK_Workspace/MyAudio/CantaviStreamer6-single-tc-grplc-interleaved-median/ip-repo/median_filter_1.0</xilinx:tag>
        <xilinx:tag xilinx:name="ui.data.coregen.dd@796b6352_ARCHIVE_LOCATION">/home/thanx/HDL-Workspace/Xilinx_SDK_Workspace/MyAudio/CantaviStreamer6-single-tc-grplc-interleaved-median/ip-repo/median_filter_1.0</xilinx:tag>
        <xilinx:tag xilinx:name="ui.data.coregen.dd@76e13bba_ARCHIVE_LOCATION">/home/thanx/HDL-Workspace/Xilinx_SDK_Workspace/MyAudio/CantaviStreamer6-single-tc-grplc-interleaved-median/ip-repo/median_filter_1.0</xilinx:tag>
        <xilinx:tag xilinx:name="ui.data.coregen.dd@7b3bd009_ARCHIVE_LOCATION">/home/thanx/HDL-Workspace/Xilinx_SDK_Workspace/MyAudio/CantaviStreamer6-single-tc-grplc-interleaved-median/ip-repo/median_filter_1.0</xilinx:tag>
        <xilinx:tag xilinx:name="ui.data.coregen.dd@142840e4_ARCHIVE_LOCATION">/home/thanx/HDL-Workspace/Xilinx_SDK_Workspace/MyAudio/CantaviStreamer6-single-tc-grplc-interleaved-median/ip-repo/median_filter_1.0</xilinx:tag>
        <xilinx:tag xilinx:name="ui.data.coregen.dd@e8ff0e4_ARCHIVE_LOCATION">/home/thanx/HDL-Workspace/Xilinx_SDK_Workspace/MyAudio/CantaviStreamer6-single-tc-grplc-interleaved-median/ip-repo/median_filter_1.0</xilinx:tag>
        <xilinx:tag xilinx:name="ui.data.coregen.dd@6dd6ca2c_ARCHIVE_LOCATION">/home/thanx/HDL-Workspace/Xilinx_SDK_Workspace/MyAudio/CantaviStreamer6-single-tc-grplc-interleaved-median/ip-repo/median_filter_1.0</xilinx:tag>
        <xilinx:tag xilinx:name="ui.data.coregen.dd@2018baef_ARCHIVE_LOCATION">/home/thanx/HDL-Workspace/Xilinx_SDK_Workspace/MyAudio/CantaviStreamer6-single-tc-grplc-interleaved-median/ip-repo/median_filter_1.0</xilinx:tag>
        <xilinx:tag xilinx:name="ui.data.coregen.dd@4551d89b_ARCHIVE_LOCATION">/home/thanx/HDL-Workspace/Xilinx_SDK_Workspace/MyAudio/CantaviStreamer6-single-tc-grplc-interleaved-median/ip-repo/median_filter_1.0</xilinx:tag>
        <xilinx:tag xilinx:name="ui.data.coregen.dd@2eb79816_ARCHIVE_LOCATION">/home/thanx/HDL-Workspace/Xilinx_SDK_Workspace/MyAudio/CantaviStreamer6-single-tc-grplc-interleaved-median/ip-repo/median_filter_1.0</xilinx:tag>
        <xilinx:tag xilinx:name="ui.data.coregen.dd@540c73d9_ARCHIVE_LOCATION">/home/thanx/HDL-Workspace/Xilinx_SDK_Workspace/MyAudio/CantaviStreamer6-single-tc-grplc-interleaved-median/ip-repo/median_filter_1.0</xilinx:tag>
        <xilinx:tag xilinx:name="ui.data.coregen.dd@6817d4ff_ARCHIVE_LOCATION">/home/thanx/HDL-Workspace/Xilinx_SDK_Workspace/MyAudio/CantaviStreamer6-single-tc-grplc-interleaved-median/ip-repo/median_filter_1.0</xilinx:tag>
        <xilinx:tag xilinx:name="ui.data.coregen.dd@28667fb7_ARCHIVE_LOCATION">/home/thanx/HDL-Workspace/Xilinx_SDK_Workspace/MyAudio/CantaviStreamer6-single-tc-grplc-interleaved-median/ip-repo/median_filter_1.0</xilinx:tag>
        <xilinx:tag xilinx:name="ui.data.coregen.dd@689d7d6b_ARCHIVE_LOCATION">/home/thanx/HDL-Workspace/Xilinx_SDK_Workspace/MyAudio/CantaviStreamer6-single-tc-grplc-interleaved-median/ip-repo/median_filter_1.0</xilinx:tag>
        <xilinx:tag xilinx:name="ui.data.coregen.dd@4890635a_ARCHIVE_LOCATION">/home/thanx/HDL-Workspace/Xilinx_SDK_Workspace/MyAudio/CantaviStreamer6-single-tc-grplc-interleaved-median/ip-repo/median_filter_1.0</xilinx:tag>
        <xilinx:tag xilinx:name="ui.data.coregen.dd@6e7a1304_ARCHIVE_LOCATION">/home/thanx/HDL-Workspace/Xilinx_SDK_Workspace/MyAudio/CantaviStreamer6-single-tc-grplc-interleaved-median/ip-repo/median_filter_1.0</xilinx:tag>
        <xilinx:tag xilinx:name="ui.data.coregen.dd@7685db2b_ARCHIVE_LOCATION">/home/thanx/HDL-Workspace/Xilinx_SDK_Workspace/MyAudio/CantaviStreamer6-single-tc-grplc-interleaved-median/ip-repo/median_filter_1.0</xilinx:tag>
        <xilinx:tag xilinx:name="ui.data.coregen.dd@3913375a_ARCHIVE_LOCATION">/home/thanx/HDL-Workspace/Xilinx_SDK_Workspace/MyAudio/CantaviStreamer6-single-tc-grplc-interleaved-median/ip-repo/median_filter_1.0</xilinx:tag>
        <xilinx:tag xilinx:name="ui.data.coregen.dd@49b0f60b_ARCHIVE_LOCATION">/home/thanx/HDL-Workspace/Xilinx_SDK_Workspace/MyAudio/CantaviStreamer6-single-tc-grplc-interleaved-median/ip-repo/median_filter_1.0</xilinx:tag>
      </xilinx:tags>
    </xilinx:coreExtensions>
    <xilinx:packagingInfo>
      <xilinx:xilinxVersion>2018.3</xilinx:xilinxVersion>
      <xilinx:checksum xilinx:scope="busInterfaces" xilinx:value="4b706bb9"/>
      <xilinx:checksum xilinx:scope="memoryMaps" xilinx:value="ed1368d5"/>
      <xilinx:checksum xilinx:scope="fileGroups" xilinx:value="476a25b2"/>
      <xilinx:checksum xilinx:scope="ports" xilinx:value="b67a1d45"/>
      <xilinx:checksum xilinx:scope="hdlParameters" xilinx:value="4abef1a3"/>
      <xilinx:checksum xilinx:scope="parameters" xilinx:value="eaed3b08"/>
    </xilinx:packagingInfo>
  </spirit:vendorExtensions>
</spirit:component>
